series,id,favs,chars,cast,posts
touhou,1026897,740,19,261,322780
pokemon,446270,367,1,1297,170212
kantai_collection,2361424,97,229,641,165625
genshin_impact,5288549,474,2,232,91334
blue_archive,7607548,319,1,331,87409
vocaloid,6172178,115,149,120,79751
umamusume,9627053,381,2,271,79356
fate_(series),7734298,51,442,483,72762
hololive,4339560,284,1,434,69481
arknights,4639548,119,201,391,67593
original,602214,327,1,557,63785
idolmaster,3935409,389,1,333,61967
fate/grand_order,7734298,51,442,440,52503
honkai_(series),7624794,260,3,174,51468
love_live!,2856619,305,1,62,46392
honkai:_star_rail,6416835,149,33,112,40926
fire_emblem,3800759,242,2,372,38038
nijisanji,3070571,198,3,299,35408
final_fantasy,5073902,181,5,228,33649
danganronpa_(series),1514855,85,15,72,31905
gundam,1437589,186,78,217,30912
bang_dream!,3761172,29,44,58,28204
project_moon,8500897,33,219,48,24391
mahou_shoujo_madoka_magica,890963,247,14,68,23189
link!_like!_love_live!,7333933,16,43,33,22224
one_piece,547876,198,11,87,19204
precure,1353308,190,4,170,18519
kemono_friends,2645771,38,367,161,18149
limbus_company,8347680,70,16,11,16757
project_sekai,6460026,25,36,28,16269
utau,381923,87,35,18,15993
zenless_zone_zero,9579122,106,52,72,15308
bocchi_the_rock!,5960784,135,15,13,15288
chainsaw_man,5925823,33,28,35,15202
indie_virtual_youtuber,9195201,168,3,80,14963
girls_und_panzer,2628172,130,55,100,14698
girls'_frontline,3414846,653,4,235,14434
jojo_no_kimyou_na_bouken,7867443,185,8,118,14107
reverse:1999,7000000,1479,1,74,14067
persona,2931082,206,6,76,13904
the_legend_of_zelda,1004160,239,18,61,13681
splatoon_(series),3174180,176,2,55,13644
yu-gi-oh!,6157015,47,110,140,12859
omori,5515692,21,39,32,12467
saibou_shinkyoku,9003964,1,26,23,10435
mega_man_(series),564290,199,2,53,10066
sonic_(series),6427171,68,29,32,9861
boku_no_hero_academia,5839137,45,60,56,9828
dragon_ball,3367250,44,71,75,9811
azur_lane,5462142,268,1,436,9685
kirby_(series),331972,78,56,51,9500
voiceroid,1347619,63,42,15,9473
mario_(series),4598514,191,2,52,9458
ragnarok_online,6204,76,4,82,9195
jujutsu_kaisen,5779611,37,54,31,9012
digimon,874093,35,62,73,8975
real_life,651214,93,16,8,8606
neon_genesis_evangelion,1460251,67,28,26,8408
sousou_no_frieren,7365713,38,36,20,8368
gakuen_idolmaster,8459817,29,12,13,8063
utdr_(toby_fox),2185368,82,24,23,7990
dungeon_meshi,7388198,27,26,26,7653
magia_record:_mahou_shoujo_madoka_magica_gaiden,3036947,72,15,28,7275
girls_band_cry,7755838,30,6,7,7149
kimetsu_no_yaiba,3709235,79,39,33,6967
ensemble_stars!,6975607,9,30,50,6922
tales_of_(series),4302990,81,2,94,6650
assault_lily,5523862,9,50,50,6528
granblue_fantasy,3045380,65,263,165,6448
marvel,5961957,109,7,76,6418
kamen_rider,1289789,40,83,44,6228
toaru_majutsu_no_index,557604,98,97,45,6126
a.i._voice,7233408,47,3,3,6107
elden_ring,6125340,102,78,31,6042
naruto_(series),1872811,42,68,54,5993
alien_stage,7265750,14,6,6,5921
suzumiya_haruhi_no_yuuutsu,3339784,389,10,26,5853
wuthering_waves,8866557,161,3,50,5819
oshi_no_ko,5890946,111,9,7,5805
touken_ranbu,3766553,6,89,71,5702
league_of_legends,1304117,19,118,135,5628
ace_attorney,466502,50,18,26,5570
dragon_quest,331972,78,56,67,5518
spy_x_family,5876884,42,14,14,5411
aikatsu!_(series),2318685,12,31,27,5355
nikki_(series),8523159,11,8,7,5254
apex_legends,5207990,15,42,27,5036
twisted_wonderland,4150994,20,23,28,4987
k-on!,732640,73,37,16,4960
lyrical_nanoha,453257,285,2,90,4913
pretty_series,4366185,31,2,32,4766
axis_powers_hetalia,239151,43,33,42,4755
kamitsubaki_studio,4687004,29,7,7,4660
bishoujo_senshi_sailor_moon,2947421,191,1,49,4573
cardcaptor_sakura,890963,247,14,15,4528
bleach,53899,87,27,40,4526
gochuumon_wa_usagi_desu_ka?,4143948,31,17,15,4498
super_smash_bros.,382700,302,18,6,4460
holostars,3599479,36,51,36,4440
science_adventure,957132,148,8,14,4438
synthesizer_v,6195000,81,2,1,4435
library_of_ruina,5008013,82,15,4,4409
sanrio,8079477,1123,3,10,4354
lycoris_recoil,5428710,78,6,6,4350
undertale,2177632,138,7,2,4266
guilty_gear,9454020,14,39,38,4247
hunter_x_hunter,2367068,74,20,19,4240
street_fighter,548939,513,1,55,4189
higurashi_no_naku_koro_ni,376445,40,41,15,4120
cookie_(touhou),1881254,23,47,40,4107
aikatsu!,1903026,105,2,2,4047
touqi_guaitan,8217676,2,15,15,4028
rozen_maiden,218304,57,8,14,3987
deltarune,4879608,42,29,11,3959
lucky_star,309279,99,26,20,3831
eiyuu_densetsu,4555653,22,39,36,3830
vspo!,4782945,86,2,32,3829
tsukihime,1263206,99,38,27,3824
sword_art_online,4193264,40,48,39,3812
len'en,5935322,11,48,30,3727
the_hundred_line_-last_defense_academy-,9365811,11,15,15,3701
shingeki_no_kyojin,4322158,47,26,29,3699
onii-chan_wa_oshimai!,7362481,28,14,12,3607
toaru_kagaku_no_railgun,575707,123,1,1,3565
animal_crossing,2903303,55,18,10,3563
xenoblade_chronicles_(series),8500259,169,2,50,3557
monogatari_(series),6034617,47,16,20,3541
needy_girl_overdose,4190393,160,3,3,3467
tokyo_afterschool_summoners,5046473,7,198,42,3416
meitantei_conan,1252102,23,18,17,3381
kagerou_project,1490122,22,13,15,3366
cookie_run,8997184,16,16,14,3360
fullmetal_alchemist,701278,77,52,20,3341
transformers,1255977,46,19,17,3335
kingdom_hearts,474320,90,13,20,3328
princess_connect!,5033954,99,1,73,3283
punishing:_gray_raven,6777645,16,41,48,3178
yurucamp,3486767,60,8,8,3114
cevio,5681553,10,9,10,3045
puyopuyo,7357570,7,19,22,3029
hirogaru_sky!_precure,7231315,23,5,3,2961
pikmin_(series),8664526,34,21,18,2949
go-toubun_no_hanayome,4281675,78,6,6,2921
monster_hunter_(series),1429563,51,75,24,2877
heaven_burns_red,6254900,7,51,25,2869
ado_(utaite),5084166,68,1,4,2814
hibike!_euphonium,9002241,13,23,15,2790
yuruyuri,3472327,27,32,16,2779
haikyuu!!,4024168,26,18,18,2777
kono_subarashii_sekai_ni_shukufuku_wo!,4643095,28,17,17,2755
re:zero_kara_hajimeru_isekai_seikatsu,2159556,107,23,23,2744
shoujo_kageki_revue_starlight,3532287,28,9,11,2701
mega_man_(classic),1580965,25,13,13,2668
dandadan,8576387,55,30,11,2661
inazuma_eleven_(series),1686213,39,104,44,2643
ranma_1/2,223418,31,16,16,2641
dark_souls_(series),1701387,117,28,18,2520
dc_comics,634355,160,6,39,2470
modao_zushi,5938483,10,4,5,2453
made_in_abyss,3096909,41,17,13,2445
diamond_wa_kudakenai,2600165,85,1,1,2443
22/7,5862467,5,19,18,2412
luo_xiaohei_zhanji,8211981,29,11,10,2390
umineko_no_naku_koro_ni,717792,108,32,48,2370
golden_kamuy,6173941,10,12,12,2368
macross,834895,27,42,32,2339
infinity_nikki,9269392,25,2,2,2229
mob_psycho_100,2554555,29,10,8,2201
watashi_ga_motenai_no_wa_dou_kangaetemo_omaera_ga_warui!,3766695,22,25,18,2143
rwby,7098763,40,26,23,2115
houseki_no_kuni,5783853,38,22,18,2091
aria_(manga),291376,36,20,10,2080
code_geass,225262,114,10,35,2077
gintama,951432,44,20,17,2054
hellaverse,5187799,101,4,4,2053
overwatch,8432348,112,1,41,2013
goddess_of_victory:_nikke,6065295,171,3,122,1976
osomatsu_(series),2306770,20,12,12,1971
devil_may_cry_(series),3475679,93,7,7,1940
magical_mirai_(vocaloid),6957233,32,18,12,1924
fate/samurai_remnant,6766762,75,3,3,1902
path_to_nowhere,8678077,60,15,12,1895
nanashi_inc.,7414303,3,41,36,1892
mother_(series),1700202,347,19,13,1870
voicevox,7390636,19,5,6,1862
hazbin_hotel,7506263,19,30,9,1847
osomatsu-san,8808691,26,1,1,1844
summer_pockets,7892282,16,9,11,1838
resident_evil,540593,166,2,18,1820
mushoku_tensei,5657353,225,14,8,1816
nichijou,982898,43,27,8,1782
tekken,4122192,57,24,21,1780
sana_channel,6065551,30,5,4,1762
minecraft,1065309,168,14,10,1760
kid_icarus,1129482,16,7,6,1756
alice's_adventures_in_wonderland,561321,155,11,7,1753
futari_wa_precure,1475122,58,4,1,1719
helltaker,3945646,212,12,14,1717
bloodborne,2472470,97,16,5,1709
youkai_watch,3457170,37,23,15,1701
nier_(series),3085049,56,22,15,1692
identity_v,6024893,14,13,11,1691
doki_doki_literature_club,3699475,122,5,5,1684
harry_potter_(series),573338,199,9,6,1678
world_witches_series,751584,44,11,39,1661
mcdonald's,6852983,295,4,3,1651
clannad,719723,48,23,15,1647
minecraft_youtube,9956465,35,5,7,1633
omniscient_reader's_viewpoint,5443520,24,5,5,1622
battle_tendency,2734251,77,1,1,1619
cinderella_series,3475312,21,4,4,1608
little_nuns_(diva),4657289,27,15,13,1608
hyouka,3439040,86,4,5,1594
kill_me_baby,1070775,26,4,4,1588
the_king_of_fighters,6007769,59,61,24,1584
atelier_(series),8448376,44,11,25,1582
trigun,1214809,57,17,4,1576
angel_beats!,711208,20,18,18,1560
zombie_land_saga,3285733,75,7,9,1552
blue_lock,9570560,145,3,8,1551
gridman_universe,3357932,24,22,16,1545
randal's_friends,7489576,8,6,6,1537
warhammer_40k,4595752,155,20,11,1536
ambience_synesthesia,4453183,149,14,1,1533
inuyasha,835937,43,11,7,1514
my_little_pony,1151074,263,18,16,1512
little_busters!,1580157,15,22,17,1511
ultra_series,5372522,27,6,5,1479
metal_gear_(series),382700,302,18,14,1462
slam_dunk_(series),8612075,14,11,9,1455
vrchat,9065569,8,8,7,1447
star_wars,1059193,193,8,12,1445
azumanga_daioh,421792,173,13,10,1427
godzilla_(series),5960784,135,15,6,1419
senpai_ga_uzai_kouhai_no_hanashi,3144786,34,5,7,1405
hollow_knight,4000681,48,4,4,1399
baldur's_gate,7042642,37,28,11,1399
love_and_deepspace,8466258,13,8,6,1369
lord_of_the_mysteries,6938136,30,10,6,1356
sengoku_basara,284514,40,1,14,1354
aotu_world,2978660,28,2,7,1323
onegai_my_melody,6336861,112,6,1,1291
homicipher,8466258,13,8,6,1290
lovebrush_chronicles,7184978,6,6,6,1282
nier:automata,3416126,120,6,2,1277
shiguang_dailiren,6601054,7,7,5,1275
metroid,709501,58,8,5,1273
shoujo_shuumatsu_ryokou,3619629,83,3,3,1267
promare,3637861,79,6,6,1233
tianguan_cifu,6707198,15,4,5,1215
delicious_party_precure,5048945,15,8,7,1210
kaiji,615647,47,4,5,1195
kanon,1257,17,11,12,1181
elsword,3437780,42,2,37,1178
death_note,397823,213,10,7,1174
emil_chronicle_online,9559144,9,1,1,1174
toshi_densetsu_kaitai_center,9555413,5,4,4,1172
kill_la_kill,1636361,413,2,21,1167
sekaiju_no_meikyuu,882892,56,10,36,1163
heartcatch_precure!,841758,25,7,6,1160
berserk,5811890,48,7,7,1155
strike_witches,1142185,74,2,1,1155
onmyoji,3573402,12,10,7,1146
futsuu_no_keion-bu,8052730,8,7,8,1140
dorohedoro,811583,41,35,9,1138
tsugu_(vtuber),3038539,72,1,1,1135
arcane:_league_of_legends,5213642,78,1,1,1135
mahjong_soul,5967617,45,6,13,1131
kaguya-sama_wa_kokurasetai_~tensai-tachi_no_renai_zunousen~,3924755,42,15,8,1131
di_gi_charat,2784090,65,6,6,1129
gegege_no_kitarou,9312697,19,7,10,1127
darling_in_the_franxx,2993323,35,14,15,1127
funamusea,1902996,43,11,6,1125
tears_of_themis,5946804,9,5,5,1121
sakura_no_sekai,9427304,5,7,7,1112
bungou_stray_dogs,4224024,25,9,7,1112
super_robot_wars,7841306,13,14,15,1107
shin_megami_tensei,892664,185,173,4,1106
metaphor:_refantazio,8232688,30,13,7,1092
world_trigger,6052934,16,6,7,1091
tengen_toppa_gurren_lagann,5512082,36,21,24,1088
kara_no_kyoukai,1142431,52,10,9,1084
among_us,4118835,127,13,7,1084
indie_utaite,5122380,55,4,5,1083
the_amazing_digital_circus,6880570,80,7,8,1072
yuuki_bakuhatsu_bang_bravern,7250979,29,5,4,1071
date_a_live,7019346,15,22,24,1065
kobayashi-san_chi_no_maidragon,4892232,66,13,11,1061
yume_nikki,707132,44,10,10,1061
fresh_precure!,1135243,61,4,2,1060
maria-sama_ga_miteru,204188,20,21,12,1048
os-tan,471533,68,13,15,1032
violet_evergarden_(series),4777319,115,1,1,1016
mickey_mouse_&_friends,740252,81,8,6,1016
soul_eater,1535963,141,6,14,1010
sakura_taisen,1739223,18,16,16,999
show_by_rock!!,2555194,34,8,8,999
d.gray-man,7372533,12,14,7,996
twitter,5751656,179,2,1,984
machikado_mazoku,3633370,49,6,9,982
bemani,7293809,169,3,5,981
yuri!!!_on_ice,5273909,6,17,18,962
dokidoki!_precure,1458460,17,9,8,953
tokyo_ghoul,5027171,11,19,11,949
denonbu,5676519,11,12,12,949
little_witch_academia,3530189,25,18,13,947
kimi_no_koto_ga_dai_dai_dai_dai_daisuki_na_100-nin_no_kanojo,6452557,89,21,11,944
poptepipic,3130816,103,2,2,933
hypnosis_mic,4295232,7,12,9,931
to_heart_(series),530862,332,129,23,929
star_ocean,7843809,2,24,19,925
gnosia,6264309,25,6,6,924
evillious_nendaiki,384385,52,2,2,923
kuroko_no_basuke,1469221,7,8,8,916
dao_gui_yi_xian,6956214,6,3,3,910
rune_factory,4121944,38,1,1,907
watashi_ni_tenshi_ga_maiorita!,3532913,42,6,6,901
tiger_&_bunny,929284,33,13,22,900
fear_&_hunger_(series),7645741,21,14,10,899
little_red_riding_hood_(fairy_tale),763694,102,2,2,895
inazuma_eleven,732815,67,2,1,892
panty_&_stocking_with_garterbelt,1071696,51,11,10,889
yahari_ore_no_seishun_lovecome_wa_machigatteiru.,4874469,34,34,11,882
serial_experiments_lain,3795879,107,1,1,878
ib_(kouri),1721419,151,4,4,875
call_of_duty,992458,161,8,4,873
ore_no_imouto_ga_konna_ni_kawaii_wake_ga_nai,813779,115,16,8,873
amagami,7351533,23,18,11,870
mahou_shoujo_no_majo_saiban,9408978,10,5,6,869
kimi_no_na_wa.,2206563,108,2,2,866
tate_no_yuusha_no_nariagari,3494978,74,4,4,861
senki_zesshou_symphogear,5986050,53,8,19,860
kusuriya_no_hitorigoto,7059142,50,2,2,853
make_heroine_ga_oo_sugiru!,7347340,106,6,7,852
south_park,887799,95,12,8,851
warioware,678799,50,26,7,821
kino_no_tabi,1981576,80,2,2,821
re:stage!,3629419,27,2,16,820
live_a_hero,5175990,6,7,7,813
armored_core,726284,179,5,4,812
moomin,37616,59,3,2,811
air_(visual_novel),719723,48,23,9,810
one-punch_man,1385995,93,19,9,809
toji_no_miko,8921853,5,15,13,806
stellive,7957632,34,10,11,805
tokyo_revengers,4468647,12,8,7,804
yotsubato!,680600,103,4,5,795
scott_pilgrim_(series),6965648,152,5,9,789
disgaea,1656482,67,62,27,786
kuroshitsuji,6016018,25,6,4,785
cyberpunk_(series),5555326,101,9,5,783
shadowverse,2901072,64,3,5,782
shoujo_kakumei_utena,5994058,66,3,3,774
nige_jouzu_no_wakagimi,9004583,24,5,5,771
fukumoto_mahjong,222354,107,2,1,765
yagate_kimi_ni_naru,2769894,45,3,3,764
spice_and_wolf,5118545,98,4,4,762
idolish7,7164493,8,7,7,760
castlevania_(series),3852348,76,4,9,757
chrono_trigger,1853272,35,9,8,756
toradora!,593413,86,11,6,754
chaos;child,2599774,11,7,7,753
master_detective_archives:_rain_code,6542780,10,8,8,751
doraemon,8898950,74,6,5,748
tensei_oujo_to_tensai_reijou_no_mahou_kakumei,5955413,83,2,2,743
arcaea,7588947,22,4,3,741
kirakira_precure_a_la_mode,7250105,14,20,10,737
sword_girls,962451,35,5,4,736
karakai_jouzu_no_takagi-san,2999035,109,3,4,734
kpop_demon_hunters,9617723,41,8,7,728
last_origin,4931287,154,1,29,725
free!,1601772,8,10,9,725
rewrite,3680488,19,14,7,720
komi-san_wa_komyushou_desu,5487591,182,3,5,719
kimi_to_idol_precure,8807668,20,6,8,713
black_clover,5105377,30,6,6,712
gensou_suikoden,67166,14,18,12,709
ryuu_ga_gotoku_(series),7542338,47,3,3,702
neptune_(series),2437207,317,4,33,701
team_fortress_2,318345,90,18,18,698
kininatteru_hito_ga_otoko_ja_nakatta,7336588,39,2,2,689
getter_robo,1996726,36,6,3,688
happinesscharge_precure!,6637755,14,11,11,688
tamako_market,6290205,12,12,8,686
robotics;notes,1387594,23,8,5,685
vedal_ai,7543481,88,3,3,682
wild_arms,832443,9,9,10,678
magic_kaito,1252102,23,18,3,678
the_tale_of_food,6650396,18,1,1,677
warship_girls_r,2430062,58,1,26,674
yoru_no_kurage_wa_oyogenai,7300116,17,5,5,672
majo_no_tabitabi,5398271,118,1,1,672
hellsing,9609978,48,6,7,671
futari_wa_precure_splash_star,316284,15,5,3,667
alchemy_stars,4590269,35,4,4,667
world_flipper,4593423,16,2,2,654
blazblue,759347,86,3,34,652
shugo_chara!,193222,17,15,7,652
sono_bisque_doll_wa_koi_wo_suru,6023996,78,9,7,651
grimms_notes,9000000,1293,1,2,643
akagi:_yami_ni_oritatta_tensai,222354,107,2,2,638
black_rock_shooter,508139,64,13,9,629
medalist_(manga),8951632,18,7,3,626
tokidoki_bosotto_roshia-go_de_dereru_tonari_no_alya-san,7861395,196,6,5,626
valorant,5343870,21,19,6,621
ojamajo_doremi,3462265,34,6,6,621
fate/prototype,6497316,87,3,1,620
chaos;head,2798122,17,7,6,618
voms,4093349,75,3,3,618
katawa_shoujo,1330055,106,15,7,617
plants_vs._zombies,6660239,134,2,2,614
kyatapi_land,8412462,5,3,3,610
senren_banka,7205912,9,5,5,610
majo_no_takkyuubin,3401000,60,4,3,607
donkey_kong_(series),9494453,50,3,3,604
hidamari_sketch,1012775,30,7,9,603
phase_connect,7290720,56,10,15,601
mahou_girls_precure!,3667032,16,6,5,600
aldnoah.zero,1711509,21,6,6,600
9-nine-,5884571,23,4,5,599
saint_seiya,1464005,17,12,8,598
idoly_pride,6547677,16,8,8,596
howl_no_ugoku_shiro,711214,26,6,3,585
g_gundam,582229,184,1,1,585
yuusha_de_aru,2609015,30,5,8,584
powerpuff_girls,6258499,55,4,3,583
fatal_fury,211487,26,13,10,579
tokimeki_memorial,320249,153,14,4,579
muv-luv,532240,271,3,12,578
given,8150220,4,8,7,577
eizouken_ni_wa_te_wo_dasu_na!,3960514,48,3,3,576
wind_breaker_(nii_satoru),7836307,10,2,2,566
va-11_hall-a,4053112,82,19,6,566
juusan_kihei_bouei_ken,3944296,41,6,4,563
avatar_legends,153112,58,12,10,563
lupin_iii,5399712,33,6,5,554
go!_princess_precure,2173203,27,2,2,554
phantom_of_the_kill,8423178,13,2,2,547
.live,3560580,9,12,11,546
overlord_(maruyama),3414724,90,7,11,543
closers,2501839,58,5,14,539
vshojo,5757704,45,19,25,539
tonari_no_totoro,634355,160,6,7,537
mahou_tsukai_no_yoru,8015168,39,6,6,527
sekiro:_shadows_die_twice,3463481,85,4,3,524
breath_of_fire,178557,21,4,14,523
hades_(series),4523139,72,7,5,523
puzzle_&_dragons,1691087,12,14,19,523
yu_yu_hakusho,586552,62,4,6,521
signalis,6892808,92,3,2,520
chuunibyou_demo_koi_ga_shitai!,2666805,24,9,7,519
sayonara_zetsubou_sensei,395773,82,25,16,518
manatsu_no_yo_no_inmu,3761966,130,2,2,518
fallout,7283537,118,10,5,517
subarashiki_hibi,6079395,41,4,4,514
degrees_of_lewdity,6942431,15,9,8,512
dragalia_lost,3239199,18,4,4,512
kimi_ga_shine,6121415,13,10,4,510
hoozuki_no_reitetsu,6430810,7,3,3,509
zutto_mayonaka_de_ii_no_ni,4324102,40,2,2,507
saga,3318584,24,8,5,507
tensei_shitara_slime_datta_ken,4117420,158,10,5,506
solo_leveling,7958819,36,2,2,505
mazinger_(series),1358808,57,13,4,504
m.u.g.e.n,661469,240,2,1,503
yume_2kki,524097,67,2,1,499
boku_no_kokoro_no_yabai_yatsu,7184033,28,7,4,496
duel_masters,678024,27,1,1,494
utawarerumono,149926,19,12,11,488
oshiro_project:re,6954700,43,1,1,487
flower_knight_girl,2596907,46,1,1,487
sen_to_chihiro_no_kamikakushi,3388493,50,4,3,482
kin-iro_mosaic,2045097,45,5,5,482
star_fox,1933006,54,4,4,480
adventure_time,1075657,80,15,6,473
steven_universe,2043185,53,8,6,473
hataraku_saibou,3279254,54,8,8,471
uta_no_prince-sama,1012511,10,7,7,470
gekkan_shoujo_nozaki-kun,1883137,51,7,7,470
pretty_rhythm,7471297,8,9,5,470
baccano!,690098,146,2,2,469
shadows_house,4492573,42,2,2,468
keroro_gunsou,292282,491,23,10,466
tenshi_souzou_re-boot!,7509303,10,6,6,466
healin'_good_precure,3777599,17,6,6,462
mashle,7229152,33,5,2,462
yuusha_series,3354696,180,1,1,461
yama_no_susume,5859144,25,5,5,460
mononoke_hime,941675,23,6,5,460
magic_knight_rayearth,3591747,28,7,4,460
saki_(manga),555218,72,3,39,459
kiratto_pri_chan,4366185,31,2,2,458
ys,5411620,10,8,3,457
disneyland,5462561,52,9,1,457
ender_lilies_quietus_of_the_knights,5104990,87,2,2,456
pop-up_story,3115736,36,1,1,456
shikanoko_nokonoko_koshitantan,7343122,44,4,3,454
futaba_channel,116602,69,2,2,453
shy_(series),4702530,37,3,3,452
senran_kagura,5015773,117,1,34,448
black_souls,7637511,51,9,4,447
kfc,661469,240,2,2,446
shironeko_project,3121041,11,3,3,445
classicaloid,8639441,6,4,4,445
hikaru_ga_shinda_natsu,9732028,43,4,2,443
spongebob_squarepants_(series),1648726,167,4,3,442
occultic;nine,2554731,109,1,2,441
silent_hill_(series),5776141,141,6,6,438
paradox_live,6592948,5,3,3,438
avatar:_the_last_airbender,555343,306,1,1,437
ganbare_douki-chan,5628802,126,5,5,434
86_-eightysix-,3128181,117,6,2,433
octopath_traveler,3567428,25,19,9,433
akira_(manga),7347966,85,2,2,433
gravity_falls,2835708,108,6,6,433
haibane_renmei,1166754,39,2,2,432
milgram,5597458,15,1,1,431
7th_dragon_(series),619093,21,5,4,427
peanuts_(comic),2220862,58,10,2,425
black_survival,4443084,74,5,10,425
doom_(series),3699064,81,3,3,423
miraculous_ladybug,2322802,68,4,5,422
seishun_buta_yarou,3315252,33,7,5,421
dungeon_ni_deai_wo_motomeru_no_wa_machigatteiru_darou_ka,6196161,113,6,8,419
honzuki_no_gekokujou,5749677,20,2,2,416
2channel,547294,116,2,2,413
sanoba_witch,4611180,11,4,3,409
grisaia_(series),4293813,37,7,7,408
the_owl_house,4864799,51,3,3,407
sakamoto_days,7964538,67,3,2,407
black_jack_(series),687016,43,2,2,406
nu_carnival,5608772,13,11,8,406
under_night_in-birth,3088095,57,6,8,406
tamagotchi,2868332,67,3,1,405
ookami_(game),287397,49,56,3,402
jibaku_shounen_hanako-kun,5003486,63,4,2,402
katekyo_hitman_reborn!,3333356,12,12,10,400
watashi_ga_koibito_ni_nareru_wake_naijan_murimuri!,9842704,63,6,4,400
darkstalkers,546501,17,16,16,398
medarot,317425,59,1,1,398
shingeki_no_bahamut,3045380,65,263,6,396
xenogears,5114046,65,2,6,394
gakkou_gurashi!,2294524,32,5,5,394
youjo_senki,2621715,178,2,2,392
shakugan_no_shana,209437,9,9,9,390
riddle_joker,3030692,29,4,4,389
durarara!!,645322,51,9,12,388
waktaverse,5924262,21,6,6,387
sasayaku_you_ni_koi_wo_utau,6611229,20,4,4,386
fushigi_na_neko_no_machi_meltier,9020368,7,8,4,383
five_nights_at_freddy's,7007256,68,4,4,383
yakusoku_no_neverland,8802557,56,4,3,381
roblox,7355792,45,1,1,381
tenkuu_no_shiro_laputa,4361068,49,5,3,379
onna_ga_nigate_na_yankee_to_shoujo_no_hanashi,3326051,8,2,2,378
chiikawa,6755055,57,4,3,375
magi_the_labyrinth_of_magic,8872358,5,10,9,371
ghost_in_the_shell,747104,130,7,3,366
marvel_vs._capcom,1096036,281,2,1,365
jigokuraku,6507844,84,2,2,363
sky:_children_of_the_light,4069267,26,1,1,361
guardians_of_the_galaxy,1955381,88,2,2,360
urusei_yatsura,5406426,20,7,9,357
mabinogi,715231,27,9,5,357
halo_(series),150103,221,3,2,355
chrono_cross,5626837,9,5,5,353
cowboy_bebop,789935,89,5,6,349
tower_of_god,4002847,73,1,1,349
genjitsu_no_yohane,5471054,36,3,1,348
yuuki_yuuna_wa_yuusha_de_aru,1979442,57,2,2,347
justice_gakuen,91106,43,10,5,347
breaking_bad,5609119,200,3,3,347
cafe_stella_to_shinigami_no_chou,5886671,15,6,4,347
bayonetta_(series),551254,204,3,2,347
new_game!,2423056,22,9,9,346
my-hime,15830,25,4,7,346
16personalities,7751111,11,2,2,346
puniru_wa_kawaii_slime,5767002,32,2,1,346
hori-san_to_miyamura-kun,5129818,62,2,2,343
charlotte_(anime),2825727,28,5,4,342
devil_summoner_(series),1324779,34,3,3,342
ace_of_diamond,5276534,11,2,2,341
amphibia,4166640,45,3,3,339
shokugeki_no_souma,4023178,50,5,8,338
rurouni_kenshin,391097,28,5,4,338
sugar_sugar_rune,71165,14,2,2,338
sinoalice,3535371,24,7,10,338
morenatsu,6988261,4,5,3,337
family_guy,8102758,119,3,3,337
dramatical_murder,1539800,14,8,5,336
azure_striker_gunvolt,5089503,13,5,5,336
mairimashita!_iruma-kun,5175346,30,6,4,334
kaijuu_no._8,5782748,41,2,2,333
ryuuou_no_oshigoto!,4036718,32,5,5,333
koe_no_katachi,3378451,49,2,2,333
flcl,84921,32,13,6,332
unicorn_overlord,7400788,35,5,4,332
skullgirls,1551641,162,2,21,331
fushigiboshi_no_futago_hime,6359,26,6,3,331
barbie_(franchise),6342268,116,1,1,330
kaze_no_tani_no_nausicaa,3486417,16,5,5,330
phantasy_star,2506596,130,4,9,330
kagurabachi,6707029,96,1,1,330
tantei_opera_milky_holmes,1255925,79,4,6,330
ano_hi_mita_hana_no_namae_wo_bokutachi_wa_mada_shiranai.,989148,30,6,6,329
cyborg_009,9052434,13,3,4,328
non_non_biyori,1574643,64,6,4,328
eoduun_badaui_deungbul-i_doeeo,5866665,9,2,2,327
honey_come_chatka!!,5122085,6,6,6,327
assassin's_creed_(series),4578852,70,5,3,326
the_witcher_(series),3114389,83,8,4,325
beatmania_iidx,5287605,62,1,6,323
mahou_sensei_negima!,1287047,22,32,25,321
himawari-san,1939839,23,2,2,321
titanfall_(series),2543904,46,2,1,321
shinryaku!_ikamusume,2645260,49,7,6,320
miside,8580862,190,12,7,319
cardfight!!_vanguard,1027096,69,1,1,319
tokyo_mew_mew,5630402,10,11,9,318
sewayaki_kitsune_no_senko-san,3935085,149,2,2,315
talkex,2722037,25,2,1,314
mode_aim,6072317,10,2,2,313
collar_x_malice,6098350,12,2,2,313
to_love-ru,847763,128,1,16,311
dungeon_and_fighter,5428349,53,10,9,311
the_big_o,289093,69,4,3,311
soredemo_ayumu_wa_yosetekuru,4150360,55,3,2,310
hitoribocchi_no_marumaru_seikatsu,5609119,200,3,3,310
crave_saga,6883805,10,1,1,309
frozen_(disney),2500354,27,3,3,308
arms_(game),3966732,35,17,5,307
erha_he_ta_de_bai_mao_shizun,8215489,6,5,2,306
kyu-kurarin_(cevio),8472480,47,1,1,303
eromanga_sensei,3271480,112,3,5,303
kidou_keisatsu_patlabor,799407,34,2,2,303
brown_dust_(series),6982839,14,7,6,303
ousama_ranking,5482572,22,8,4,302
pac-man_(game),4198371,79,2,1,302
gabriel_dropout,3178881,65,4,5,300
do_it_yourself!!,6013830,52,2,2,300
addams_family,6392077,78,3,3,299
napoli_no_otokotachi,6984693,9,1,1,298
ongeki,8727857,11,3,3,298
hayate_no_gotoku!,6914360,5,15,9,296
atri-my_dear_moments-,7825939,34,1,1,296
lonely_girl_ni_sakaraenai,4390862,48,2,2,293
7th_dragon,619093,21,5,4,293
renzha_fanpai_zijiu_xitong,5539680,7,2,2,291
f-zero,4109927,18,1,1,290
alice_gear_aegis,6844145,18,65,10,289
kizuna_ai_inc.,2958063,241,2,3,289
takopii_no_genzai,9816151,32,3,3,288
oneshot_(game),2972350,58,1,1,288
coppelion,3048989,16,7,6,287
ansatsu_kyoushitsu,1735646,42,4,4,287
gachiakuta,7760683,33,1,1,286
mahou_shoujo_ni_akogarete,7339648,38,16,16,286
ikizulive!_love_live!_bluebird,8799932,22,1,1,286
pui_pui_molcar,4473792,46,2,1,285
niconico,1047948,76,2,1,284
arc_the_lad,6370183,3,13,5,284
mononoke,311361,34,1,1,283
noripro,5394199,47,2,2,283
counter:side,5417932,46,3,2,282
rainbow_six_siege,6468979,103,11,2,280
pani_poni_dash!,538798,94,2,12,277
goblin_slayer!,3282618,138,5,6,276
valkyrie_profile_(series),4395664,50,1,1,276
rance_(series),7281343,19,8,5,275
the_coffin_of_andy_and_leyley,8228299,153,3,3,275
seiken_densetsu,890556,88,9,11,274
dr._stone,5542334,146,5,3,274
noss_&_zakuro,6910213,36,2,2,273
summon_night,2183,12,6,3,273
shino_to_ren,5486737,150,2,2,273
samurai_spirits,1331904,41,10,8,272
goodsmile_company,3357653,62,3,2,272
sayonara_wo_oshiete,6189883,13,5,5,272
ijiranaide_nagatoro-san,4677156,127,6,3,271
zero_no_tsukaima,4177127,33,11,8,271
sennen_sensou_aigis,2981531,7,5,5,270
jubilee_2025,8358923,78,1,1,269
galaxy_angel,2724920,19,7,8,269
caligula_(series),5083562,49,1,1,269
atelier_live,4127138,36,3,2,268
subarashiki_kono_sekai,1332828,121,2,3,267
re:creators,3337270,39,6,4,267
himouto!_umaru-chan,3455683,61,5,4,267
murder_drones,8126713,32,4,3,266
sk8_the_infinity,4533050,10,4,4,266
tenchi_muyou!,1298222,28,9,8,265
goho_mafia!_kajita-kun,4693963,3,5,4,265
himitsu_no_aipri,7792180,10,2,2,265
yuyushiki,8205453,8,7,7,264
vinland_saga,3892422,19,3,2,263
working!!,1080519,36,8,9,263
tennis_no_ouji-sama,282645,17,1,1,263
good_omens,8079665,15,2,2,262
tongari_boushi_no_atelier,8633221,25,1,1,262
drag-on_dragoon,6716754,13,5,5,262
aespa,5752660,16,4,2,262
ben_10,6152999,98,4,2,261
tangled,908634,52,2,2,260
dislyte,5729393,43,1,2,259
jigoku_shoujo,323144,70,1,1,258
sound_horizon,361736,40,7,4,258
shin_sangoku_musou,3524126,30,1,1,258
saihate_(vocaloid),191626,47,2,1,257
deemo,3516710,31,2,2,257
akebi-chan_no_serafuku,5454584,86,1,1,257
jashin-chan_dropkick,3096625,31,4,8,255
blend_s,2965131,38,8,5,254
snow_white_and_the_seven_dwarfs_(disney),687093,129,3,1,253
crayon_shin-chan,531567,85,5,2,253
iriam,3569615,48,1,1,252
hokuto_no_ken,433485,103,4,4,252
dororo_(tezuka),3457973,32,2,2,250
null-meta,8459429,12,4,3,247
caligula_(game),5083562,49,1,1,247
kanojo_okarishimasu,5473888,81,4,4,246
light_and_night_love,5708090,19,2,3,246
pixiv,431560,137,1,1,245
otonari_no_tenshi-sama_ni_itsu_no_mani_ka_dame_ningen_ni_sarete_ita_ken,6182129,110,1,1,244
ichigo_mashimaro,807389,20,6,5,244
princess_principal,2869224,41,5,5,244
another_eidos-r,5064101,18,1,1,244
eureka_seven_(series),1286,33,10,5,243
sarazanmai,3488336,8,3,3,243
a_hat_in_time,3561298,94,1,1,243
darker_than_black,1433688,131,12,6,242
satsuriku_no_tenshi,5614600,35,2,2,241
duffy_and_friends,8083019,33,3,5,240
lanxi_zhen,6023585,11,1,1,240
to_heart,530862,332,129,3,240
dead_by_daylight,4374082,54,2,1,240
kidou_senkan_nadesico,7088617,40,6,2,239
soukou_kihei_votoms,8323601,26,3,2,238
japanese_urban_legends,7335696,127,2,2,237
grandia,549456,25,4,4,237
kouyoku_senki_exs-tia,6128421,12,2,17,237
ukagaka,1085013,49,1,1,236
love_plus,592089,97,7,3,235
brand_new_animal,5396543,36,13,3,233
suigetsu,374968,45,2,3,233
choujin_x,8456890,12,1,1,232
mouthwashing,8407256,64,6,6,232
portal_(series),534275,254,6,3,231
sora_yori_mo_tooi_basho,3046153,89,4,4,231
kowareta_sekai_to_utaenai_miku,8695017,29,2,1,231
yofukashi_no_uta,7797493,95,3,2,229
shimeji_simulation,5920334,69,4,2,228
slayers,4238613,38,7,7,227
fairy_tail,5668841,44,5,13,226
mon-musu_quest!,7073032,20,10,7,225
tenshinranman,8674194,40,1,1,225
maplestory,7878995,43,4,3,224
douluo_dalu,5456637,5,7,6,224
black_lagoon,421792,173,13,7,224
eureka_seven,4754993,88,1,1,224
animare,5771691,90,2,1,223
re:act,3598835,66,2,2,223
chi.:_chikyuu_no_undou_ni_tsuite,9416106,7,3,2,223
top_wo_nerae!_(series),1460861,38,2,2,223
ninjala,3980059,6,9,1,222
stardew_valley,2324207,89,1,1,220
summertime_render,5649103,44,4,4,220
the_ring,2208815,243,1,1,220
cthulhu_mythos,539419,145,1,2,219
maou-jou_de_oyasumi,4164640,40,2,2,218
my-otome,7998,6,10,9,217
kekkai_sensen,5434642,47,7,4,217
rabbit_and_steel,7614207,58,1,1,216
kyokugen_dasshutsu,3379804,27,3,2,215
fall_guys,4076111,61,3,1,215
da_capo,20674,7,7,7,214
toeto_(vocaloid),605922,67,2,1,214
full_metal_panic!,5480,43,5,4,214
zoids,397341,32,6,3,213
shuuniichido_classmate_wo_kau_hanashi,6926735,40,2,2,213
snow_white_(fairy_tale),448287,40,1,1,213
blackpink,9251655,6,8,3,212
little_witch_nobeta,7070770,44,4,6,212
dragon's_crown,1451905,85,2,3,211
aoki_hagane_no_arpeggio,1700202,347,19,9,211
mushishi,259237,116,1,1,211
dr._slump,7306353,60,1,1,210
iron_saga,3548686,22,3,2,210
game_&_watch,407542,86,3,1,209
kakegurui,5439497,100,5,4,209
ao_no_exorcist,1049558,23,4,6,208
nagi_no_asukara,1752756,8,7,7,208
saya_no_uta,2071451,51,1,1,208
the_elder_scrolls,6936876,98,3,3,208
strawberry_prince,4506458,11,6,2,207
mahou_tsukai_no_yome,2995615,44,2,2,207
pacific_rim,1436020,160,3,2,206
tenki_no_ko,3586411,133,1,1,206
gosick,1262016,62,2,2,206
encanto,5070302,25,12,2,205
ef_(visual_novel),159452,9,6,5,205
kemurikusa,3779491,21,3,3,205
4chan,129263,290,5,3,204
beauty_and_the_beast_(disney),2540447,40,2,2,203
voisona,8247704,41,1,1,203
kimi_to_tsuzuru_utakata,4829904,23,2,2,203
koisuru_asteroid,5469671,21,6,3,202
brave_witches,1004142,17,5,5,201
baby_walkure,8472414,8,2,2,201
saenai_heroine_no_sodatekata,5224915,34,7,5,199
shaman_king,261578,18,7,3,198
juuni_kokuki,6677159,24,1,1,198
witch's_heart,7352787,36,1,1,198
jinhongi,8802876,7,2,2,197
ice_climber,3469168,81,3,2,196
yokohama_kaidashi_kikou,184563,45,1,1,195
dracu-riot!,6029712,9,5,4,195
.hack//,267737,9,5,4,195
tsunderia,5137672,36,1,1,195
jewelpet_(series),1264922,23,3,3,193
warcraft,2981250,50,3,4,193
versailles_no_bara,255192,40,7,2,192
dolphin_wave,9181407,20,10,9,192
tensui_no_sakuna-hime,4244705,44,1,1,192
youkoso_jitsuryoku_shijou_shugi_no_kyoushitsu_e,5526097,115,7,8,192
palworld,7143999,102,1,1,191
ooe_(game),8636599,10,1,1,191
ouran_high_school_host_club,2472620,20,7,2,191
helldivers_(series),7263241,158,1,1,191
gimai_seikatsu,5535842,54,1,1,191
monster_musume_no_iru_nichijou,2820740,160,1,14,190
return_of_the_mount_hua_sect,6256391,21,1,1,190
master_of_eternity,7393469,12,1,1,189
nitroplus,1919590,21,6,4,189
psycho-pass,6157960,60,4,3,189
girlfriend_(kari),2198348,7,14,5,188
kaze_no_klonoa,1547712,20,1,1,188
the_little_mermaid_(disney),5703341,47,1,1,187
ena_(series),4438684,63,3,2,187
adachi_to_shimamura,4751373,50,2,2,187
sleeping_beauty_(disney),3371315,42,4,2,187
kamisama_hajimemashita,6237599,16,1,1,186
aladdin_(movie),3538722,52,2,2,186
sousai_shoujo_teien,5416056,27,3,3,186
red_velvet_(group),9322661,21,2,2,186
skip_to_loafer,6477953,43,2,1,186
kyoukai_no_kanata,1558283,79,3,2,184
terminator_(series),5734514,84,1,1,184
off_(game),3491569,25,3,1,183
mahou_shoujo_ikusei_keikaku,3112081,32,2,4,182
san-x,294379,60,2,2,180
gake_no_ue_no_ponyo,391358,74,3,3,180
shiro_seijo_to_kuro_bokushi,6079854,28,2,2,180
shrek_(series),5506980,42,3,2,178
hercules_(1997_movie),5793377,48,3,2,177
ai_the_somnium_files,3922493,55,2,1,177
celeste_(video_game),3392001,67,2,1,176
it_(stephen_king),6749503,159,2,1,174
mikakunin_de_shinkoukei,1661574,157,2,2,174
medium5,4107439,56,1,1,174
watashi_no_oshi_wa_akuyaku_reijou,5645701,109,2,2,174
bilibili,6028076,23,3,3,173
infinite_stratos,2760335,50,7,9,173
seisenshi_dunbine,2520701,23,2,2,172
shirobako,2006813,47,5,6,172
read_or_die,21462,46,2,2,171
genshiken,655013,209,76,6,171
mighty_no._9,1578074,49,2,1,170
bobobo-bo_bo-bobo,6959986,23,3,2,170
ginga_eiyuu_densetsu,3090262,36,2,2,169
krt_girls,2651445,31,1,1,169
death_stranding,5913382,83,8,1,168
zootopia,2433106,52,2,2,168
owari_no_seraph,5852782,58,6,4,166
dr._mario_(game),7592873,41,2,1,166
toy_story,659176,250,1,1,165
ryuuko_no_ken,188969,23,6,5,165
tonari_no_kyuuketsuki-san,3348461,47,4,2,165
project_kv,8109712,76,4,3,165
city_hunter,6702904,33,2,2,164
inabakumori,7054818,61,1,1,164
akatsuki_no_yona,2390269,38,1,1,164
ordo_mediare_sisters_(ironlily),5991706,77,2,1,164
xenosaga,3714409,47,17,5,163
higyaku_no_noel,2829026,30,2,1,163
osu!,5108380,76,3,1,162
tower_of_fantasy,5844044,123,1,1,162
beastars,3735502,30,2,1,161
high_school_fleet,2753783,61,18,6,161
professor_layton,772824,97,4,2,160
cuphead_(game),2893030,139,3,2,160
blue_reflection_(series),2868991,53,1,1,159
uchuu_senkan_yamato,682525,20,7,4,159
dota_(series),653559,115,12,2,159
ice_cream_kanojo,5602195,6,2,2,158
bravely_default_(series),1599977,24,5,5,158
princess_tutu,5898847,15,7,5,157
disco_elysium,5157412,78,2,2,157
taiko_no_tatsujin,1581721,66,4,1,157
nekopara,1723899,87,7,7,157
inkya_gyaru_demo_ikigaritai!,7348663,21,2,2,157
higanbana_no_saku_yoru_ni,5851130,15,1,1,156
ghost_trick,1146664,42,1,1,156
bomberman,3158149,84,1,1,155
zookeepers_(diva),6892631,22,6,1,155
tactics,245968,8,4,3,155
pandora_hearts,544750,23,8,4,155
hamidashi_creative,5031191,34,1,1,154
paripi_koumei,5256011,136,1,1,154
newjeans,6285555,24,2,2,154
kmnz,3337717,63,2,2,153
moana_(movie),2397995,54,1,1,153
metal_slug,262760,47,11,5,152
soukyuu_no_fafner,2200493,5,2,2,152
hamtaro_(series),6423860,103,2,1,151
winx_club,7093726,32,3,1,149
reject_(esports),7205263,20,2,1,148
koisuru_(otome)_no_tsukurikata,7481923,42,2,1,147
chobits,7138313,34,1,1,147
natsume_yuujinchou,731596,28,2,2,146
kaoru_hana_wa_rin_to_saku,8109854,56,1,1,146
wario_land,6217755,28,7,1,146
yaiteru_futari,8026203,6,2,2,146
qiang_jin_jiu,7307844,4,2,1,146
hyrule_warriors,1816666,33,4,2,146
tom_and_jerry,4575812,122,5,2,146
kagura_gumi,3495410,60,1,1,146
mahoujin_guruguru,507679,64,2,2,146
bombergirl,4502521,25,3,3,146
hikaru_no_go,3578939,13,2,2,145
wii_fit,218075,69,3,1,145
minami-ke,256136,9,11,9,145
king_kong_(series),3738025,23,4,1,145
amagami-san_chi_no_enmusubi,5742992,27,3,3,145
suzume_no_tojimari,5260011,72,1,1,145
gunslinger_girl,462974,37,3,3,145
friday_night_funkin',4380829,93,2,2,145
happy_sugar_life,3341144,38,2,2,145
wactor_production,5177593,43,1,1,144
invincible_(series),6335905,101,4,3,144
seiken_gakuin_no_maken_tsukai,5369856,80,1,1,144
sengoku_musou,1158225,6,4,4,144
kannagi,357853,40,5,4,143
friday_the_13th,4090806,115,2,1,143
expo2025,4159466,44,1,1,142
strider_(video_game),806791,26,3,1,142
egyptian_mythology,892664,185,173,3,142
mahoutsukai_rose_no_sado_life,5932617,32,1,1,142
powerpuff_girls_z,6031364,31,6,6,141
mortal_kombat_(series),6427293,46,1,1,140
teenage_mutant_ninja_turtles,737546,253,11,5,140
gyee,6004914,7,4,3,139
lost_property_control_organization_(samidare),5529015,40,3,1,139
winnie_the_pooh,5690840,70,1,1,139
dagashi_kashi,4514489,58,5,2,138
otome_game_no_hametsu_flag_shika_nai_akuyaku_reijou_ni_tensei_shite_shimatta,3913550,49,4,4,138
runescape,3285862,80,2,1,137
greek_mythology,708100,64,1,1,137
journey_to_the_west,8094934,63,5,5,137
virtual_on,442286,97,1,1,137
neko_to_chiyo,3108269,20,2,2,137
half-life_(series),693674,179,2,1,137
happy_tree_friends,5496580,168,4,2,136
haiyore!_nyaruko-san,1392436,24,4,4,136
big_hero_6,5175203,27,4,3,136
samurai_champloo,450314,57,3,2,134
nhk_ni_youkoso!,512617,105,1,1,134
amairo_islenauts,6026912,29,1,2,134
shinrabanshou,522675,12,2,4,134
cinderella_(disney_movie),2540443,39,1,1,134
tokyo_7th_sisters,2326615,7,13,9,133
passion_(manhwa),6341576,7,2,2,133
mermaid_melody_pichi_pichi_pitch,2863384,38,3,5,133
kage_no_jitsuryokusha_ni_naritakute!,7083037,68,8,3,132
supernatural_(tv_series),653766,30,2,2,132
shigatsu_wa_kimi_no_uso,1918763,73,2,2,132
voltron:_legendary_defender,3533784,13,5,5,131
goth_girl_and_the_jock,4828728,35,2,2,131
walt_disney's_peter_pan,5030665,14,3,3,131
creepypasta,6047667,84,2,2,131
mister_donut,578393,49,3,1,131
fruits_basket,3959381,41,1,1,130
wonder_egg_priority,4473121,63,2,1,130
monsters_inc.,2336743,101,3,3,129
pepper&carrot,8098652,8,3,2,129
top_wo_nerae!,84936,20,4,4,129
zhu_xian,5479976,7,2,2,129
kaii_shoukougun,1751161,12,2,2,129
tetsuwan_atom,499082,47,5,1,128
nisekoi,2212803,48,4,4,128
ruridragon,5446039,65,1,1,127
houkago_no_pleiades,2261464,27,3,2,127
medaka_box,992717,143,2,3,127
kimi_kiss,387625,18,6,7,126
alien_(series),2009195,82,2,2,126
muse_dash,3843648,29,6,3,126
blame!,6275921,46,4,3,126
maison_ikkoku,1486094,38,1,1,126
dohna_dohna_issho_ni_warui_koto_o_shiyou,4225434,86,1,1,125
zone_of_the_enders,1091376,41,2,2,125
city_(arawi_keiichi),9721645,34,1,1,125
duck_hunt,3812564,28,3,2,125
punch-out!!,4675965,22,1,1,125
nine_sols,5526855,16,1,1,125
banjo-kazooie,5276526,66,3,2,124
shuffle!,6211,17,5,6,124
andersen's_fairy_tales,907773,83,7,1,124
yosuga_no_sora,8021638,174,4,3,124
takt_op.,4953303,66,1,1,124
vinesauce,3160197,81,4,2,124
internet_explorer,5434904,62,1,1,124
detroit:_become_human,8698907,163,3,1,123
kunoichi_tsubaki_no_mune_no_uchi,5441687,32,2,2,123
fatal_frame,90248,111,3,5,122
kero_kero_keroppi,2803101,93,3,1,122
kimi_ni_todoke,492329,60,1,1,122
slime_taoshite_300_nen_shiranai_uchi_ni_level_max_ni_nattemashita,2545515,98,1,1,122
urasekai_picnic,4331649,64,3,2,122
no_game_no_life,3409799,48,14,6,122
fushigi_no_umi_no_nadia,932002,24,4,4,121
garfield,5395995,59,2,1,121
gravity_daze,5236757,28,4,3,121
hataraku_maou-sama!,6718970,144,4,4,121
little_goody_two_shoes,6865603,29,2,1,120
kunio-kun_series,3621312,123,2,2,120
shinza_bansho_series,8903508,39,1,1,120
despicable_me,5490859,59,2,1,119
mulan_(movie),3806008,68,1,1,119
lethal_company,6952197,69,4,1,119
shuumatsu_nani_shitemasu_ka?,2871934,29,1,1,118
super_cub,4430274,37,3,1,118
tsubasa_chronicle,6024702,29,13,3,117
akuma_no_riddle,2462631,106,28,7,116
white_album_(series),5615643,92,1,3,116
menhera-chan_(ezaki_bisuko),7092090,16,2,1,116
doukyuusei_(series),7810695,30,1,1,116
tengoku_daimakyou,6427540,75,2,1,116
k-project,1303139,34,2,2,115
gotcha!,4138525,110,12,1,115
monster_girl_encyclopedia,3350604,118,1,11,114
fl_studio,509885,85,6,1,114
omega_sisters,3436075,23,2,2,114
the_nightmare_before_christmas,2178073,121,17,1,114
bamboo_blade,164804,11,5,4,114
mirai_nikki,1069398,60,4,3,113
ring_fit_adventure,5055239,63,4,3,113
eyeshield_21,2658327,21,14,3,112
puss_in_boots:_the_last_wish,6013941,60,2,1,112
last_exile,1130930,72,1,1,112
flip_flappers,2623597,41,3,3,112
ano_ko_wa_toshi_densetsu,2246822,74,1,1,112
kimi_ga_nozomu_eien,19905,44,3,3,112
soulcalibur,7741516,16,5,9,112
epic_seven,5585685,33,7,2,111
doushitara_osananajimi_no_kanojo_ni_naremasu_ka!?,8104396,13,2,2,111
coefont,4874205,20,1,1,111
horse_race_tests,9198031,87,2,1,111
jet_set_radio,943169,45,1,1,111
kimi_ga_hoeru_tame_no_uta_wo,9619738,7,2,1,111
sen'yuu.,5971720,7,4,3,110
record_of_lodoss_war,6783508,78,6,2,110
cave_story,412450,84,3,2,109
lol_-lots_of_laugh-_(vocaloid),512223,61,3,1,109
cinderella_(fairy_tale),1855334,32,1,1,109
himehina_channel,3141792,28,2,2,109
mahoromatic,1552908,46,1,1,109
kotobukiya_bishoujo,3411551,97,12,1,108
monster_(manga),5202052,67,2,1,108
yukijirushi,1407391,23,1,1,108
hitsugi_no_chaika,3491453,82,5,2,108
mass_effect_(series),1101747,104,4,4,108
crash_bandicoot_(series),1443906,191,4,2,107
new_horizon,2326571,105,1,1,107
trusty_bell,404185,10,2,2,106
mechanical_buddy_universe,5594818,35,6,2,106
zeno_(game),6996148,15,2,2,106
143_ocean_boulevard,4538336,10,2,3,106
undead_unluck,6797016,34,12,1,106
vanitas_no_carte,5511461,49,1,1,106
duolingo,7470329,64,2,2,106
sentai_red_ga_isekai_de_boukensha_ni_naru,8712658,32,2,2,105
kamoku_dakedo_mechakucha_nori_no_ii_kuroneko-chan,8351154,9,2,2,105
sister_princess,1437,12,15,8,105
girls_x_vampire,8756225,15,1,1,105
toranoana,7186740,31,1,1,105
mawaru_penguindrum,951609,9,7,8,105
dies_irae,8903508,39,1,1,104
devilman,4924693,31,3,3,104
strike_witches:_suomus_misfits_squadron,3404728,46,1,1,104
strawberry_panic!,395111,21,12,6,103
"hime-sama_""goumon""_no_jikan_desu",6133968,82,1,1,103
boku_wa_tomodachi_ga_sukunai,8786800,16,7,7,103
anpanman,7817506,70,2,1,102
kamichu!,20004,44,4,3,101
lilo_&_stitch,5803092,42,2,2,101
hakanai_kimi_wa_moukou_wo_hajimeru,8217954,25,2,2,101
class_of_09,8462260,71,3,2,101
torikissa!,4322319,15,1,1,101
ame_to_kimi_to,6011283,8,2,2,101
scryed,285817,44,3,1,100
munou_na_nana,4038809,29,1,1,100
koutetsujou_no_kabaneri,2350186,73,1,1,100
mad_father,1375709,45,1,1,100
scooby-doo,3339784,389,10,3,99
shadow_of_the_colossus,289967,69,2,2,99
pangya,317471,5,5,5,99
kodomo_no_jikan,148935,21,4,3,99
school_days,493520,26,6,5,98
planetarian,2350163,23,1,1,98
slow_loop,5222048,18,9,3,98
saiki_kusuo_no_psi_nan,3281831,52,2,1,98
coco_(disney),5719752,18,4,5,98
cult_of_the_lamb,5580780,44,2,2,98
amaryllis_gumi,3506853,19,2,2,97
flying_witch,2296790,61,6,1,97
dewprism,3547293,21,2,1,97
how_to_train_your_dragon_(series),2651022,76,4,1,96
kyou_wa_kanojo_ga_inai_kara,6820080,17,2,2,96
the_bible,2992019,114,4,1,95
chikanoko,3424412,19,2,1,95
wixoss,6841304,67,2,2,95
leon_the_professional,3396998,77,3,1,94
guilty_crown,949760,62,8,4,94
okujou_no_yurirei-san,2150159,27,1,1,94
ginga_tetsudou_999,6083376,68,2,1,94
michelin,7713887,25,1,1,94
bokusatsu_tenshi_dokuro-chan,6346312,35,1,1,94
demon's_souls,5230000,78,2,2,93
kikou_souseiki_mospeada,520610,19,7,1,93
ar_tonelico,664946,10,9,8,93
kakumeiki_valvrave,4019751,33,6,3,93
koharu_and_minato,6628707,39,2,2,93
dennou_coil,129356,27,11,5,93
another,1145666,57,14,3,93
kawaii_dake_ja_nai_shikimori-san,5489800,171,1,1,93
kin-iro_loveriche,6120468,12,1,1,93
the_moon_studio,3371149,126,2,2,93
go!_go!_gris!,8094400,28,4,3,93
real_mo_tama_ni_wa_uso_wo_tsuku,3257518,12,2,2,93
renkin_san-kyuu_magical_pokaan,47460,14,4,4,92
rinrinne,6628822,48,1,1,92
ruri_no_houseki,9042355,87,2,2,92
onna_doushi_toka_arienai_desho_to_iiharu_onnanoko_wo_hyakunichikan_de_tetteiteki_ni_otosu_yuri_no_ohanashi,3496150,24,2,2,92
dokusen_yoku_ga_tsuyo_sugiru_yandere_kai_neko-chan,7285468,37,1,1,92
anyamal_tantei_kirumin_zoo,2717478,21,2,2,91
ao_no_kanata_no_four_rhythm,5508615,70,1,3,91
steam_(platform),8567634,97,2,1,91
kuso_miso_technique,164311,43,1,1,91
uni_create,4616186,24,2,2,91
kamisama_ni_natta_hi,4231715,17,2,1,91
capcom_fighting_jam,5338669,70,1,1,91
gorillaz,440059,264,4,1,91
kami_nomi_zo_shiru_sekai,1067151,23,8,7,91
yoru_mac,6852983,295,4,3,90
yoake_mae_yori_ruri_iro_na,643679,37,1,1,90
otome_gee_sekai_wa_mob_ni_kibishii_sekai_desu,5467444,113,1,1,90
hilda_(series),3432477,66,1,1,90
nue_no_onmyouji,7949777,13,1,1,90
danshi_koukousei_no_nichijou,5925891,55,4,2,89
alice_in_wonderland_(disney),5301350,79,2,1,89
ashita_no_nadja,4577690,36,1,1,89
the_amazing_world_of_gumball,1291146,76,10,2,89
banana_fish,4102591,11,2,2,89
giant_robo,607777,52,3,1,89
doctor_who,963753,107,2,1,88
casshern_(series),2888075,31,1,1,88
xxxholic,7470124,67,2,2,88
slow_damage,5370714,17,1,1,88
tobaku_haouden_zero,7195248,3,1,1,88
doko_demo_issho,570700,37,1,1,88
suicide_boy,3287115,34,2,1,87
yuri-natsu:_minshuku_kagaya,7047594,25,4,7,87
boku_dake_ga_inai_machi,2251766,72,1,1,87
bural_chingu,3466222,22,2,1,87
looney_tunes,80418,139,4,2,87
alien_nine,6367126,22,2,1,87
endless_monday:_dreams_and_deadlines,3395026,65,1,1,86
kodoku_no_gourmet,2998512,51,3,1,86
pizza_tower,6513358,89,2,1,85
fortune_arterial,451249,36,2,2,85
qinshi_mingyue,5679163,12,1,2,85
bakumatsu_rouman,676214,52,2,2,85
specialite_(company),7069284,46,1,1,85
peripeteia,9123331,45,1,1,85
mato_seihei_no_slave,7089331,86,1,1,85
log_horizon,1590142,33,3,3,85
noa-senpai_wa_tomodachi.,8266037,18,3,1,84
eddsworld,7139773,14,1,1,84
hikikomari_kyuuketsuki_no_monmon,6336364,78,2,1,84
the_adventures_of_sherlock_holmes,6552934,295,1,1,84
en'en_no_shouboutai,9105373,17,9,4,84
nora_cat_channel,3024890,42,1,1,83
pringles,3507963,115,1,1,83
cyber_v,3229931,45,1,1,83
han'you_no_yashahime,4141170,62,1,1,83
hinata_channel,3049714,71,1,1,83
aa_megami-sama,3708788,32,6,4,82
moetan,857777,37,4,2,82
yuru-chara,4136214,36,2,1,82
el_cazador_de_la_bruja,238541,31,2,2,82
mitsuboshi_colors,6203083,43,6,2,82
.flow,5429832,28,1,1,81
valkyrie_no_densetsu,19540,26,1,1,81
kaitou_saint_tail,4126617,23,2,2,81
soukou_akki_muramasa,635303,34,2,2,81
arcana_heart,130989,12,21,8,81
tsukuyomi_moonphase,332,40,1,1,81
hasbro,1509137,49,5,1,81
citrus_(saburouta),4016907,63,2,2,80
maitetsu,2126052,43,1,1,80
akame_ga_kill!,2241965,18,26,4,80
star_vs_the_forces_of_evil,2798632,222,1,2,80
suguri,3334514,33,1,1,79
obenkyou_shitoiteyo,4324102,40,2,1,79
prismplus,3526556,36,1,1,79
hanasaku_iroha,1100970,33,4,3,79
hentai_ouji_to_warawanai_neko.,2363003,54,4,4,79
houshin_engi,5420460,99,1,2,79
irotoridori_no_sekai,1412831,28,1,1,78
nanatsu_no_taizai,4355616,28,3,7,78
claymore_(series),129189,25,4,3,78
akazukin_chacha,414963,32,5,1,78
seto_no_hanayome,819269,52,76,4,77
mahouka_koukou_no_rettousei,2030700,36,2,2,77
wendy's,2709207,114,1,1,77
quiz_magic_academy,898808,10,16,5,77
nanatsuiro_drops,144475,12,2,2,77
1hp_club,9826154,11,2,1,77
comic_girls,3368196,42,1,1,77
karigurashi_no_arrietty,929123,29,1,1,77
the_princess_and_the_frog_(disney),5757259,18,1,1,76
space_adventure_cobra,819326,37,1,1,76
mamahaha_no_tsurego_ga_moto_kano_datta,3744166,140,1,1,76
djmax,6390278,52,11,2,76
vividred_operation,1392554,26,11,6,75
spy_kyoushitsu,3725087,131,1,1,74
pita_ten,385064,38,1,1,74
inu_x_boku_ss,1739580,8,8,4,74
overman_king_gainer,570450,35,1,1,74
uzaki-chan_wa_asobitai!,4210687,186,5,4,74
otomari_koibito_lolita,9947558,3,1,1,74
mashiroiro_symphony,5994021,19,6,2,74
the_last_of_us_(series),1610883,65,1,1,73
sukinako_ga_megane_wo_wasureta,6554876,93,1,1,73
musuko_ga_kawaikute_shikatanai_mazoku_no_hahaoya,3763087,37,6,2,73
bubblegum_crisis,274434,44,2,1,72
predator_(series),560444,117,2,1,72
taiho_shichauzo,5776813,89,3,2,72
lol_comics,1798356,31,1,1,72
mewkledreamy,4873827,30,1,1,71
fireball_(series),6948070,25,1,1,71
jinrui_wa_suitai_shimashita,2248999,67,4,2,71
shigofumi,1140112,27,2,1,71
journey,1431059,48,2,1,71
urara_meirochou,2604797,89,6,3,71
ayakashi_triangle,5552637,70,3,3,71
asagao_to_kase-san,3187149,40,2,2,71
buta_no_liver_wa_kanetsu_shiro,4510610,43,1,1,70
kumamiko,2355820,39,2,2,70
drifters,7164173,83,2,3,70
slow_start,2979306,18,4,4,70
vimalion_pro,8748520,21,1,1,70
simoun,5845908,3,12,7,70
odin_sphere,7838694,23,4,4,70
tera_online,2301176,57,2,3,70
nana_(series),5858753,31,1,1,70
final_fight,1844869,54,19,3,69
god_of_war,1472715,118,2,1,69
noragami,2198832,33,2,2,69
getsuyoubi_no_tawawa,4019623,136,4,5,69
dead_space_(series),825113,109,2,1,69
seitokai_ni_mo_ana_wa_aru!,8704125,124,8,2,69
saru_getchu,4849717,27,1,1,68
nurse_witch_komugi-chan,2329,15,2,2,68
aoi_ch.,3323142,27,1,1,68
isekai_ojisan,5528859,184,1,1,68
harlock_saga,6082518,34,2,1,68
ico,531566,59,2,2,68
boroboro_no_elf-san_wo_shiawase_ni_suru_kusuri_uri-san,5851740,53,2,2,68
shoushimin_series,7648345,53,4,1,67
black_bullet,1536755,48,3,2,67
chihayafuru,1442596,21,2,1,67
scream_(movie),6167923,28,2,1,67
taketori_monogatari,7075039,44,2,1,67
hapymaher,6767071,18,1,1,67
school_rumble,26901,17,20,5,67
toki_wo_kakeru_shoujo,872349,50,2,2,67
gunsmith_cats,3196935,91,1,1,67
queen's_blade,5857146,52,2,42,67
dead_or_alive,5548394,40,1,15,67
blade_&_soul,2966345,45,2,2,67
sakura_trick,3492320,38,2,2,66
dosanko_gal_wa_namaramenkoi,6461165,49,3,1,66
no.6,971820,15,2,2,66
wreck-it_ralph,1566176,95,2,1,66
summer_wars,514546,31,2,2,66
aquarion_(series),1143949,5,18,6,65
pixiv_azriel,1294899,5,1,1,65
2.5_jigen_no_ririsa,7869639,39,1,1,65
nyanko_daisensou,7809826,103,2,2,65
tayutama,315173,36,2,1,65
kao_no_nai_tsuki,7631423,25,1,1,65
production_kawaii,6047463,33,2,2,65
invader_zim,343259,224,4,1,64
twinbee,492732,29,3,1,64
chuugoku_yome_nikki,779534,10,3,2,64
a_channel,936080,14,4,4,64
choudenji_robo_combattler_v,600525,14,1,1,64
burn_the_witch,7033281,72,2,1,64
ikoku_meiro_no_croisee,307064,43,2,1,63
otome_domain,6479443,43,1,1,63
baka_to_test_to_shoukanjuu,618721,25,5,4,63
sakura_musubi,9245,15,3,2,62
devil_survivor_(series),456694,14,3,3,62
rapunzel's_tangled_adventure,3511487,49,2,1,62
dog_days,1307332,16,7,6,62
she-ra_and_the_princesses_of_power,3997781,45,2,2,62
perfume_(band),2128581,31,3,3,62
ganbare_goemon,1306588,63,6,1,62
cry_of_fear,9437559,5,1,1,61
benesse,306107,12,1,1,61
nurarihyon_no_mago,3312721,18,3,2,61
shinigami_bocchan_to_kuro_maid,5161041,50,1,1,61
itazuraguma_no_gloomy,6659388,34,1,1,61
amagi_brilliant_park,4022866,32,14,6,61
ga_geijutsuka_art_design_class,1169960,19,1,1,61
itai_no_wa_iya_nano_de_bougyoryoku_ni_kyokufuri_shitai_to_omoimasu,5601104,83,1,1,61
mahou_no_tenshi_creamy_mami,7152386,13,2,2,60
futakoi,214,45,4,2,60
happiness!,58379,28,2,2,60
ochikobore_fruit_tart,4206334,24,3,1,60
my_life_as_a_teenage_robot,4677025,89,1,1,59
senjou_no_valkyria_(series),2984711,76,3,3,59
bloodlight_(nyantcha),7616113,141,3,1,59
majo_no_ie,1721414,98,2,2,59
demonbane,5604195,38,1,1,59
ochikazuki_ni_naritai_miyazen-san,3466885,12,2,2,59
horizon_(video_game),2645750,32,3,1,58
shining_(series),520216,60,1,1,58
druaga_no_tou,244420,11,3,3,58
yandere_simulator,2737233,91,1,1,58
sekai_seifuku:_bouryaku_no_zvezda,1913442,23,8,8,58
mieruko-chan,5723559,110,3,1,57
kemomimi_oukoku_kokuei_housou,3321575,20,1,1,57
god_eater,3642824,16,5,4,57
kamikaze_kaitou_jeanne,3267937,13,2,2,57
weather_planet,9275409,36,1,1,57
joshiraku,1268621,34,1,1,57
futaribeya,1752669,106,2,2,56
kannazuki_no_miko,370,55,2,2,56
knight's_&_magic,3287847,14,1,1,56
shiroi_suna_no_aquatope,5773609,27,2,2,56
seitokai_yakuindomo,6601404,136,4,1,56
jormungand_(manga),2453572,46,4,3,56
yami_to_boushi_to_hon_no_tabibito,2344345,13,3,3,56
guild_no_uketsukejou_desu_ga_zangyou_wa_iya_nanode_boss_wo_solo_toubatsu_shiyou_to_omoimasu,8907405,80,1,1,55
a_deer_of_nine_colors,5895556,118,110,1,55
saber_marionette_j,8956493,13,3,2,55
boukun_habanero,6455,40,2,1,55
nekojishi,7362589,6,2,1,55
mitsudomoe_(manga),772255,133,4,4,55
microsoft,2490978,50,2,1,55
tensei_shitara_ken_deshita,5880797,66,2,1,55
kusari_hime:_euthanasia,300765,16,1,1,55
tantei_wa_mou_shindeiru,4945134,78,1,1,54
perfect_blue,5775491,82,1,1,54
gachimuchi,5469742,150,5,2,54
anne_of_green_gables,3186262,27,1,1,54
hacka_doll,3415874,209,7,3,54
the_boys,7896345,42,1,1,54
phantom_brave,271013,20,6,2,54
shirley_(manga),666703,41,1,1,54
frankenstein,5787928,34,2,1,54
bioshock_(series),3541604,54,2,1,54
virtua_fighter,6215617,23,4,2,54
un-go,1147955,44,1,1,53
rabi-ribi,3002992,41,3,1,53
ookiku_furikabutte,682860,21,1,1,53
sono_hanabira_ni_kuchizuke_wo,365694,28,8,7,53
sola,617632,18,1,1,53
watchmen,417129,110,1,1,53
gate_-_jieitai_ka_no_chi_nite_kaku_tatakaeri,3715837,82,2,3,53
ueno-san_wa_bukiyou,3404190,69,1,1,53
kakyuusei_(series),31217,12,1,1,52
strike_the_blood,3289839,21,4,3,52
taimanin_(series),3628502,101,1,8,52
sora_no_otoshimono,10014404,7,3,3,52
denpa_onna_to_seishun_otoko,6185802,14,2,2,52
slay_the_princess,7021760,80,3,1,52
kochikame,2188167,71,4,1,51
ano_natsu_de_matteru,5509454,21,7,4,51
gj-bu,1376657,40,2,4,51
mahoraba,179,26,11,1,51
masamune-kun_no_revenge,2816922,50,2,2,51
comic_party,499584,40,12,1,51
kokoro_connect,1343810,75,1,1,51
high_school_dxd,7536517,110,2,15,51
the_saga_of_darren_shan,429847,20,2,3,51
tsuritama,1089825,12,8,2,51
choukou_(alicesoft),6894504,21,4,6,50
left_4_dead,377463,179,9,2,50
hanayamata,7518689,16,2,2,50
making_lovers,9286363,10,1,1,50
soulworker,3406989,12,6,6,50
cyberbots,2453545,55,1,1,49
sketchbook_full_colors,724383,34,1,1,49
houkago_teibou_nisshi,3732197,29,4,2,49
melonbooks,6414205,86,1,1,49
bram_stoker's_dracula,504020,115,4,1,48
koufuku_graffiti,2970640,18,2,2,48
life_is_strange_(series),2044903,41,2,2,47
hourou_musuko,1181914,28,11,1,47
ninja_slayer,2537411,60,2,2,47
sora_no_method,1795919,13,1,1,47
barakamon,1769936,28,3,1,47
the_grim_adventures_of_billy_&_mandy,746040,123,10,1,47
dorei_to_no_seikatsu_~teaching_feeling~,5777792,84,1,1,47
aogiri_koukou,5474805,31,1,1,47
suisei_no_gargantia,7603166,15,3,4,47
moyashimon,1535308,36,5,2,46
american_mcgee's_alice,939425,107,1,1,46
doupo_cangqiong,5485346,5,2,2,46
hellboy_(comic),5586521,41,1,1,46
sora_no_woto,610001,81,3,1,46
witch_craft_works,951850,30,3,2,45
soredemo_machi_wa_mawatteiru,761158,20,3,2,45
a_nightmare_on_elm_street,16890,45,2,1,45
tomo-chan_wa_onna_no_ko,6732763,278,2,2,45
omoide_no_marnie,1803771,31,2,1,45
clinical_trial_(game),8876442,30,2,1,45
mirai_akari_project,3031105,65,1,1,44
kizuato,318497,30,1,1,44
tsuki_ni_yorisou_otome_no_sahou,1458016,41,1,1,44
yuni_channel,3459600,35,1,1,43
bernard-jou_iwaku.,3485441,52,2,1,43
isshuukan_friends,1696849,18,1,1,43
liver_city,5812850,45,1,1,43
kyousougiga,1049713,30,1,1,43
ai_tenshi_densetsu_wedding_peach,3186260,15,2,1,43
love_hina,142308,32,8,5,43
kurai_ano_ko_to_shitai_koto,4414377,52,1,1,43
catherine_(game),860498,37,2,2,43
zegapain,3950190,16,1,1,43
shadow_hearts,1808100,45,2,2,42
hakuouki_shinsengumi_kitan,874501,17,1,1,42
boy's_club,2520986,87,2,1,42
hige_wo_soru._soshite_joshikousei_wo_hirou.,3322485,187,1,1,42
hoshizora_no_memoria,594496,61,3,1,42
hidan_no_aria,7240911,29,1,1,42
high_score_girl,3541884,46,1,1,41
kono_bijutsubu_niwa_mondai_ga_aru!,2493756,32,2,1,41
katanagatari,714637,97,24,3,41
elfen_lied,5517684,79,2,2,41
sakura-sou_no_pet_na_kanojo,4549103,87,1,1,40
maji_de_watashi_ni_koi_shinasai!,5754371,29,1,1,40
phantom_kingdom,352433,29,1,1,40
meridian_project,5448444,33,1,1,40
bacchikoi!,7432802,2,7,4,40
kyokou_suiri,6045607,105,1,1,40
strike_witches:_kurenai_no_majo-tachi,1840444,13,2,2,40
avatar_2.0_project,3437662,84,1,1,40
acfun,2770496,26,2,1,40
tsugumomo,3299921,42,1,1,40
marl_kingdom,4954084,19,5,3,39
2channel_(/livejupiter/),10003064,3,1,1,39
battle_angel_alita,3639938,76,1,1,39
ikkitousen,172251,8,7,8,39
sdorica,7293000,8,2,1,39
xianjian_qixia_zhuan,7485292,13,1,1,39
frame_arms_girl,6844145,18,65,3,39
the_hunchback_of_notre_dame_(disney),7321797,42,1,1,38
busou_shinki,1401026,9,3,2,38
majin_tantei_nougami_neuro,5583474,15,2,2,38
elf-san_wa_yaserarenai.,2908111,54,2,2,38
bokutachi_wa_benkyou_ga_dekinai,4979277,41,3,2,38
blood+,374172,21,2,1,38
witches_of_africa,2390955,55,1,1,38
heavy_object,1966593,57,1,1,38
zanki_mugen-chan_vs_deathtrap_dungeon,6251128,15,1,1,38
baby_princess,1002146,20,1,1,37
zannen_onna-kanbu_black_general-san,3283981,24,10,7,37
irisu_shoukougun!,1109985,41,1,1,37
valkyrie_drive,5749345,28,3,2,37
doukyuusei,4543652,10,1,1,37
rosario+vampire,3153520,27,7,6,36
yuuwaku_namaiki_lolita,9989240,6,2,1,36
kore_wa_zombie_desu_ka?,1147406,139,3,3,36
ergo_proxy,39900,162,2,1,36
space_dandy,1771834,25,1,1,36
kami-sama_no_memo-chou,982475,89,1,1,36
super_real_mahjong,7607928,6,11,4,36
chou_shittou_caduceus,6634773,8,2,1,35
mofu-mofu_after_school,3354651,27,1,1,35
xai_(company),9639258,109,1,1,35
ao_no_roku-gou,153488,68,1,1,35
stellar_blade,7671614,95,2,2,35
dream_hunter_rem,6137093,19,3,1,35
full_moon_wo_sagashite,3374117,14,5,1,35
kitsune_no_oyome-chan,7505292,79,1,1,35
jigoku_sensei_nube,727584,46,4,1,35
majutsushi_orphen,305634,2,7,3,34
super_heroine_boy,3298508,1,5,6,34
c.c._lemon,3163554,35,2,1,34
kimagure_orange_road,4149259,22,2,1,34
bloodstained_(series),3569585,82,6,1,34
cyphers,2679601,20,1,1,34
space_channel_5,4387400,21,2,1,34
ikemen_onna_to_hakoiri_musume,3607983,28,2,2,33
night_wizard,312303,19,1,1,33
bakusou_kyoudai_let's_&_go!!,2186885,18,8,2,33
kenja_no_deshi_wo_nanoru_kenja,3522645,60,2,1,33
seikai_no_senki,6113,14,1,1,33
plastic_memories,2039357,40,1,1,33
macne_series,671095,12,1,1,33
demi-chan_wa_kataritai,2628881,26,3,2,33
tomb_raider,3923678,95,1,1,32
jahy-sama_wa_kujikenai!,2853888,137,1,1,32
hyakko,555226,20,3,2,32
the_ghost_and_molly_mcgee,6079332,38,2,2,32
love_lab_(manga),1331553,42,2,2,32
rou-kyuu-bu!,1038384,19,5,5,32
foster's_home_for_imaginary_friends,4302386,75,3,2,31
zettai_karen_children,972845,23,12,3,31
true_tears,748362,18,3,2,31
ninin_ga_shinobuden,6861,10,4,2,31
uchuu_patrol_luluco,2372874,34,5,2,31
yuri_kuma_arashi,2510370,21,4,2,30
oboro_muramasa,326865,64,3,3,30
kakyuusei,4686647,8,1,1,30
pure_pure,601479,42,2,1,30
fuufu_ijou_koibito_miman.,5329411,32,2,1,30
kumo_desu_ga_nani_ka?,4797512,59,2,1,29
acchi_kocchi,1296705,57,2,1,29
vivy:_fluorite_eye's_song,5615282,45,1,1,29
chouon_senshi_borgman,249992,12,1,1,29
yatterman,6510627,12,2,2,29
kaleido_star,2338,27,2,3,29
ultimate_nipper,3699964,19,1,1,29
another_code,3895068,18,1,1,29
koihime_musou,399111,15,8,8,29
dogs:_bullets_&_carnage,562542,31,1,1,29
camp_buddy,6354866,6,11,2,28
yuusha_no_kuse_ni_namaiki_da,2901801,42,2,1,28
narutaru,283327,27,1,1,28
arakawa_under_the_bridge,704861,28,1,1,28
rinne_no_lagrange,6003389,17,3,3,28
dumbbell_nan_kilo_moteru?,3574915,85,1,1,28
captain_earth,1654665,47,2,1,28
brigadoon,5561489,7,2,2,28
domestic_na_kanojo,2896623,71,1,1,28
ishuzoku_reviewers,3802945,33,1,1,28
star_driver,769532,13,4,3,27
raisei_no_ryu_tsukai,8271490,8,1,1,27
code_vein,2837741,58,1,1,27
namco_x_capcom,1041520,32,1,1,27
osawari_tantei,1670517,40,21,1,27
everlasting_summer,913274,42,3,2,27
kujibiki_unbalance,1535282,30,8,1,27
mahou_no_princess_minky_momo,41389,7,4,1,27
kouyoku_senki_exs-tia_concert,9945649,7,1,2,27
sengoku_bushouki_muramasa,4132959,20,1,1,27
vyugen,6137536,78,1,1,27
blood_tune,895382,24,2,1,26
amnesia_(idea_factory),1393385,11,1,1,26
ninja_gaiden,798268,47,1,1,26
gakuen_utopia_manabi_straight!,206768,10,5,3,26
soukou_senki_prism_reica,9557976,3,1,2,26
mondaiji-tachi_ga_isekai_kara_kuru_sou_desu_yo?,2923573,41,1,1,26
sakura_quest,2840734,33,1,1,26
onegai_twins,6495697,21,2,2,26
shantae_(series),8620900,14,5,3,26
ga-rei,7550633,18,2,2,26
yakitate!!_japan,335305,9,2,2,26
hinako_note,2827020,23,3,3,25
parasite_eve_(series),5926140,28,1,1,25
corrector_yui,3077293,18,1,1,25
musaigen_no_phantom_world,2239488,43,2,2,25
black_cat_(series),4928850,26,1,1,25
accel_world,1180371,18,4,4,25
sora_wo_kakeru_shoujo,480891,29,2,2,25
ojisan_to_marshmallow,2243333,4,2,2,25
cu-no,3442622,62,1,1,25
miru_tights,3683606,111,2,2,24
mishiranu_joshikousei_ni_kankin_sareta_mangaka_no_hanashi,5472727,104,1,1,24
ookami-san,6183301,68,2,2,24
swapnote,1323222,53,1,1,24
uchuu_no_stellvia,7199,6,5,2,24
rakudai_kishi_no_cavalry,2172047,40,2,1,24
busou_renkin,118809,29,1,1,24
kyouran_kazoku_nikki,311045,15,1,1,24
samsung,4565018,170,1,1,24
lost_universe,226312,19,1,1,24
haou_taikei_ryuu_knight,4253246,7,4,1,24
onegai_teacher,3042312,25,2,2,23
cutie_honey,8848092,11,2,2,23
omamori_himari,7999999,38,1,1,23
arifureta_shokugyou_de_sekai_saikyou,3453131,106,1,1,23
dragon's_dogma_(series),7088898,24,3,2,23
bakuon!!,4077986,41,3,1,23
haite_kudasai_takamine-san,6143566,58,1,1,23
maria_holic,415338,30,3,3,23
qualidea_code,3636422,46,1,1,23
chrono_crusade,3977,29,7,2,23
kure-nai,1414922,39,1,1,22
isekai_maou_to_shoukan_shoujo_no_dorei_majutsu,5025728,62,1,2,22
bishoujo_mangekyou_(series),1060031,116,1,1,22
d-frag!,1631621,26,1,1,22
fantasy_earth_zero,737751,72,2,3,22
yondemasu_yo_azazel-san.,946326,19,2,2,22
dragon:_marked_for_death,7631912,8,1,1,22
twin_angel,1877948,25,2,1,21
v-dere,6323118,33,1,1,21
neet_de_otaku_na_kunoichi_to_naze_ka_dousei_hajimemashita,6233719,45,1,1,21
shirokami_project,3630676,36,4,3,21
the_incredibles,8830249,63,2,1,21
cross_ange,1819269,48,2,1,21
zero_kara_hajimeru_mahou_no_sho,2772188,54,1,2,21
gamers!,2785806,65,1,1,20
momotarou_densetsu,60008,16,1,1,20
dirty_pair,3582396,24,2,2,20
the_personification_of_atmosphere,5461207,34,1,1,20
otogi-juushi_akazukin,3396635,21,1,1,20
the_evil_within,2223502,47,2,2,20
konohana_kitan,2947192,54,2,1,20
hotel_transylvania,2518619,170,1,1,20
franken_fran,4992849,62,1,1,20
isshiki-san_wa_koi_wo_shiritai.,8659335,13,2,1,20
gendai_ninjakko_zukan,6336127,31,1,1,20
totally_spies,7618518,29,5,1,20
hisabisa_ni_atta_osananajimi_ga_iroiro_to_seichou_shiteirunoni_nounai_dake_seichou_shiteinakute_douyou_shiteiru,5971042,57,1,1,20
himitsu_no_jugyou,5532780,40,2,1,20
nazo_no_kanojo_x,6209942,31,1,1,20
trickster_(ntreev_soft),8775183,2,6,3,20
seitokai_no_ichizon,592312,12,2,2,20
rokka_no_yuusha,4522278,20,1,1,19
waku_waku_7,6621914,35,1,1,19
rokudenashi_majutsu_koushi_to_akashic_record,2730967,28,3,2,19
kashimashi,1805165,13,3,2,19
kyoukaisenjou_no_horizon,1217723,16,4,8,19
tenchuu,737516,44,1,1,19
air_gear,638755,36,1,1,19
imouto_sae_ireba_ii,2337423,54,1,1,19
ero_condo,4900059,7,1,1,19
princess_crown,6594663,25,1,1,18
kaibutsu_oujo,145475,24,3,3,18
abenobashi_mahou_shoutengai,18184,45,1,1,18
sounan_desuka?,4414642,22,4,1,18
shinkyoku_soukai_polyphonica,464914,103,1,1,18
miniskirt_pirates,3135639,15,2,2,18
428:_fuusa_sareta_shibuya_de,597054,48,2,3,18
monobeno,2955967,27,3,2,18
mushiking,3247970,13,1,1,18
shuumatsu_no_izetta,5983339,32,2,2,18
yumekui_merry,830268,54,1,1,17
ichigo_100%,50411,58,4,2,17
noir_(anime),5430742,26,1,1,17
demento,3766920,38,2,1,17
ca_(maeda_koutarou),5314520,49,2,2,17
pacific_(kancolle),3481344,23,1,1,17
dream_c_club_(series),530922,94,16,2,17
akemiho_tabi_nikki,1431617,12,2,2,17
inari_konkon_koi_iroha.,1892591,13,1,1,17
hoshikuzu_witch_meruru,753827,47,5,1,17
outlaw_star,606704,56,4,1,17
ben-tou,2304008,60,3,2,17
otaku_ni_koi_wa_muzukashii,3833538,24,2,2,17
kim_possible_(series),7659660,38,2,2,17
dimension_w,2283548,34,2,1,16
dream_c_club,530922,94,16,4,16
toushinden,759587,17,1,1,16
kobe_shinbun,831836,29,1,1,16
power_stone,1493274,9,1,1,16
mayoi_neko_overrun!,589687,22,1,1,16
surge_concerto,5931910,10,1,1,16
wagaya_no_oinari-sama,389627,19,1,1,16
prison_school,1962536,46,2,2,16
alice_sherlock:_the_rubious_nebula,2407562,1,3,3,16
machine-doll_wa_kizutsukanai,5091540,20,2,1,16
tejina_senpai_(series),6204654,97,3,1,16
kaii_to_otome_to_kamikakushi,8100401,134,1,1,15
shadow_hearts_ii,227488,11,1,1,15
gantz,6493986,38,1,1,15
kotoura-san,1342055,163,1,1,15
heart_no_kuni_no_alice,1151654,8,15,1,15
wonder_momo,8701949,7,1,1,15
little_princess,4954084,19,5,2,15
kemeko_deluxe,360321,16,1,1,15
gatchaman_crowds,3471369,47,1,2,15
c_(control),1114976,23,1,2,14
cafe-chan_to_break_time,4184596,14,1,2,14
tasogare_otome_x_amnesia,2236408,23,1,1,14
kagaminomachi_no_kaguya,599324,30,1,1,14
cube_x_cursed_x_curious,1031203,20,1,1,13
otome_wa_boku_ni_koishiteru,446824,8,2,1,13
with_you,3024,11,1,1,13
fairy_fencer_f,1584833,24,2,1,13
sankarea,1240590,31,1,1,13
sengoku_collection,6608212,42,1,1,13
oshiete!_galko-chan,3548318,71,2,2,13
noein,977274,20,5,1,13
four_goddesses_online:_cyber_dimension_neptune,5269553,39,3,1,13
hooters,6850621,71,2,1,12
nogizaka_haruka_no_himitsu,696279,10,17,2,12
blood-c,1178795,40,1,1,12
kanpani_girls,3640980,29,1,1,12
the_loud_house,3230665,71,4,3,12
luvdia,6011402,43,5,1,12
la_pucelle,9461247,9,2,2,12
kemomimi_refle!,6732407,38,1,1,12
highschool_of_the_dead,521474,55,3,4,12
mugen_senshi_valis,1879413,4,2,2,11
akane-iro_ni_somaru_saka,119490,12,1,1,11
zom_100:_zombie_ni_naru_made_ni_shitai_100_no_koto,6570937,39,2,1,11
shimoneta_to_iu_gainen_ga_sonzai_shinai_taikutsu_na_sekai,4775534,175,1,1,11
jinki,372,12,1,1,11
strike_witches_zero,1141829,16,1,1,11
sunoharasou_no_kanrinin-san,3156312,36,1,1,11
girlish_number,2529095,45,1,1,11
indivisible,2106340,41,1,1,11
annie_mei_project,5118940,32,1,1,11
getbackers,588913,38,1,1,11
kiddy_grade,650916,11,2,2,11
ore_twintail_ni_narimasu,3403653,17,7,4,11
tari_tari,3389613,21,1,1,11
tsuujou_kougeki_ga_zentai_kougeki_de_ni-kai_kougeki_no_okaasan_wa_suki_desu_ka?,3573653,176,1,1,11
witchblade,70006,27,2,2,10
papa_no_iu_koto_wo_kikinasai!,1113266,23,3,2,10
oda_nobuna_no_yabou,1253367,28,1,1,10
viper_(series),3794736,12,3,2,10
kyokkou_senki_mistletear,9989576,4,1,1,10
imaizumin-chi_wa_douyara_gal_no_tamariba_ni_natteru_rashii,5719204,43,4,4,10
eden's_zero,5738436,36,1,1,10
saint_october,367138,8,3,2,10
majo_to_hyakkihei,6143229,34,2,1,10
yotsunoha,33983,17,1,1,10
you_can_eat_the_girl,3317004,21,4,1,10
solty_rei,2697308,30,4,1,10
gad_guard,12417,22,1,1,10
sweethex,5736243,86,1,1,9
aika_(series),7404848,14,2,1,9
agent_aika,5441547,10,4,5,9
kanokon,233959,7,2,2,9
hitomi_sensei_no_hokenshitsu,1996240,9,1,1,9
popful_mail,6960693,22,1,1,9
himegoto,2996892,31,1,1,9
dino_crisis,7471573,45,1,1,9
karin_(manga),17205,14,1,1,9
dance_in_the_vampire_bund,594263,33,1,1,9
shinmai_fukei_kiruko-san,1646397,30,1,1,9
kampfer,560719,15,2,2,8
futsuu_no_joshikousei_ga_locodol_yattemita,3293220,14,3,2,8
sergestid_shrimp_in_tungkang,2381530,16,1,1,8
binbougami_ga!,1297143,25,2,2,8
who_framed_roger_rabbit,6591280,15,3,1,8
battle_athletes,3040793,9,6,1,8
seiken_no_blacksmith,476555,22,1,1,8
lineage,617884,35,1,1,8
enjo_kouhai,5849636,51,5,3,8
rakuen_tsuihou,5643913,26,2,1,8
sekirei,285227,30,1,4,8
maoyuu_maou_yuusha,1300583,120,2,3,8
makai_tenshi_djibril,726727,33,3,3,8
pumpkin_scissors,1945078,28,3,1,7
mayo_chiki!,1032697,18,1,1,7
kanan-sama_wa_akumade_choroi,5406384,49,1,1,7
tongkkangi,6011079,23,1,1,7
seitenkango._shinyuu_to,1795521,5,2,2,7
succubus_appli,8981285,10,3,1,7
bakuretsu_tenshi,2200193,28,2,2,7
shijou_saikyou_no_deshi_ken'ichi,6978650,19,2,2,7
gokukoku_no_brynhildr,1677999,18,5,1,7
saikyou_tenshi_to_baito_senshi,4359915,16,1,1,7
the_crawling_city,6850070,39,1,1,7
lotte_no_omocha!,880831,30,1,1,7
wakfu,8054981,15,2,5,7
ai_yori_aoshi,166150,16,1,1,7
danna_ga_nani_wo_itte_iru_ka_wakaranai_ken,1694934,4,4,2,7
shoujo_ramune,5245562,46,6,3,6
mushihime-sama,6324,23,1,1,6
seikimatsu_occult_gakuin,4743106,35,1,1,6
chousoku_henkei_gyrozetter,5450514,9,1,1,6
bakuretsu_hunters,6298265,7,2,2,6
me!me!me!,5819361,172,1,1,6
saikin_yatotta_maid_ga_ayashii,5672916,55,2,2,6
lollipop_chainsaw,6903949,73,1,1,6
tetsuwan_birdy,400630,25,2,1,6
kimagure_temptation,7927877,6,1,1,6
fii-tan_the_figure,62462,5,2,2,6
maburaho,49628,9,1,1,6
outbreak_company,1596263,40,2,2,6
heroman,3538195,17,2,2,5
gal_gamer_ni_homeraretai,5874184,18,2,2,5
athena_(series),6163192,13,10,1,5
umihara_kawase,3302782,14,1,1,5
orenchi_no_meidosan,1763910,7,3,5,5
the_caves_of_steel,3679191,4,4,2,5
tenjou_tenge,903829,47,1,2,5
seikon_no_qwaser,605956,11,1,2,5
warui_ga_watashi_wa_yuri_janai,3940605,32,1,1,5
yuusha_to_maou,910051,11,6,3,5
isekai_tensei_shite_v_ni_narimashita,5760233,14,1,1,5
kamen_america_(comic),8358309,26,2,1,5
neo_ranga,5455919,9,1,1,5
eiken,8821794,12,1,1,4
walkure_romanze,1558739,28,1,1,4
umi_monogatari,805837,90,15,1,4
tenshi_no_3p!,2930656,15,1,1,4
houkago_play,440484,22,1,1,4
soukou_seiki_ysphere,9901818,5,1,1,4
prism_magical,2227822,5,1,1,4
isekai_meikyuu_de_harem_wo,5431363,64,2,1,4
genmu_senki_leda,6243404,15,1,1,4
tiny_evil,5441624,28,3,1,4
yuragisou_no_yuuna-san,2714666,18,1,1,4
magical_halloween,989102,14,1,1,4
rail_wars!,2010291,21,7,2,4
culture_japan,1186905,15,1,1,4
bunny_garden,9123796,27,6,2,3
ombok_diving_and_delivery_services,6679427,27,1,1,3
boku_no_kanojo_sensei,3527910,64,1,1,3
dokidoki_sister_aoi-chan,6238995,14,1,1,3
namiuchigiwa_no_muromi-san,1495761,9,1,1,3
the_road_to_el_dorado,6253297,19,2,1,3
shachiku_succubus_no_hanashi,3389581,20,2,2,3
real_drive,266794,12,7,3,3
shinmai_maou_no_testament,5710276,122,2,4,3
mahou_shoujo_ai,745801,29,1,1,3
tenkaichi_nihon_saikyou_bugeisha_ketteisen,9322316,3,1,1,3
kaiten_muten-maru,5261150,11,1,1,3
hyakka_ryouran_samurai_girls,1258566,40,22,1,2
wrestle_angels,5492073,21,2,1,2
netoge_no_yome_wa_onna_no_ko_janai_to_omotta?,6998583,9,1,1,2
ikazuchi_no_senshi_raidy,372779,38,1,1,2
sisters_~natsu_no_saigo_no_hi~,5238992,21,2,1,2
komori-san_wa_kotowarenai!,2204257,28,1,1,2
kore_ga_watashi_no_goshujin-sama,2722681,49,13,2,2
ane_naru_mono,4294725,67,1,1,2
haevest,361332,8,4,1,2
asobi_ni_iku_yo!,749608,18,1,1,2
food_girls,368593,5,1,1,2
tatakau_ni_atai_suru,6457183,50,1,1,2
harukana_receive,3270294,24,2,1,2
dinosaur_king,9162542,1,3,1,2
tamatoys,3770592,4,1,1,2
gouma_reifuden_izuna,600097,11,2,1,2
bougyoryoku_zero_no_yome,9640161,9,3,2,2
akarui_kioku_soushitsu,2888859,2,2,2,2
hentai_elf_to_majime_orc,8890281,0,1,2,2
stellula_eques,9214827,13,1,1,2
dragonaut,1099368,9,1,2,2
love_r,6053413,8,1,1,1
super_blackjack,7655829,3,2,1,1
the_seven-year_itch,2790864,3,5,1,1
after_(game),891094,6,1,1,1
amano_megumi_wa_suki_darake!,8444221,13,2,1,1
aiyoku_shimai_lolita,3393222,13,1,1,1
daicon_iv,71230,206,698,1,1
crawling_dreams,8715509,1,1,1,1
resort_boin,223113,51,1,1,1
madan_no_ou_to_vanadis,6906437,60,7,1,1
vampirella,7670510,17,1,1,1
lovers_(game),3491848,11,1,1,1
rumble_roses,7322665,3,1,1,1
goshuushou-sama_ninomiya-kun,165003,6,1,1,1
gaki_kyonyuu,4204971,96,1,1,1
bijin_onna_joushi_takizawa-san,6751068,18,2,1,1
yoru_no_yatterman,8731675,5,1,1,1
hajimete_no_gal,5591081,12,1,1,1
servant_x_service,2235833,0,2,1,1
